isim,tel,adres
ÇEBİOĞLU RENT A CAR,2165751141,"İçerenköy Mahallesi Ali Nihat Tarlan Cad. Merkez Cami Sokak No:4/b

 / İstanbul / Ataşehir"
AFYON PARK RENT A CAR,02722144757,ENSTİTÜ CADDESİ ANITPARK YOKUŞU NO:3 AFYONKARAHİSAR / Afyonkarahisar / Merkez
Güneş Rent A Car AVCILAR,0532 257 89 67 & 0212,Merkez mahallesi çiğdem caddesi seker ozan pasajı no 38 dükkan 93 avcılar istanbul / İstanbul / Avcılar
ADANA ASYA RENT A CAR,0541 953 01 97," Şakirpaşa MAH. 42109 Sok. No:64, SEYHAN,  / Adana / Seyhan"
MERT RENT A CAR,+902422282007,GÜRSU MH. 304 SK.NO:6/2  / Antalya / Merkez
deniz rent a car,05333317552,aşağı san.sit.çesop altı c/2 çorum / Çorum / Merkez
ISIKLAR GRUP,0216 577 16 61,Küçükbakkalköy Mah.Vedat Günyol Cad Defne Sokak No:1 Flora Residance Kat 21  D. 2105 / İstanbul / Ataşehir
Stellar Rent a Car,312 448 09 25,Bayraktar Mah. Zülfikar Sokak no :5 Gazi Osman Paşa / Ankara / Çankaya
Pegasus Car Bodrum,025253171928,ismet paşa cad no 24 konacık bodrum / Muğla / Merkez
Cennet Rent a Car,2423510447,Yeni Havalimanı Yolu Altıntaş Mah. No:171 / Antalya / Merkez
Grand Rent a Car,0 242 241 88 22,Gençlik Mah. Fevzi Çakmak Cad. Orkun Apt. No:10a / Antalya / Merkez
Star Rent a Car,0 232 712 96 13,16 Eylül Mah. 3003 Sok. No:6/a ( Halkbank Arkası ) / İzmir / Çeşme
Arda Oto Kiralama,0 388 213 10 19,Saruhan Mah. Eski Vali Konağı Cad. Konak Apt. Altı No:57/b / Niğde / Merkez
Soylu Rent a Car,0 212 603 64 17,Çobançeşme Sanayii Cad. No:44 Nish İstanbul Residance B Blok D:85 / İstanbul / Bahçelievler
Truva Turizm Rent A Car,0 324 238 99 21,Silifke Cad. Hamidiye Mah. Ermiş Apt. Altı No:155/a / Mersin / Merkez
Crocus Car Rental,0 326 213 93 13,İstiklal Cad. 3. Sok. Kat:2 No:1 / Hatay / Merkez
Çizgi Oto Kiralama,0 312 417 37 97,Esat Cad. No:59 Küçükesat / Ankara / Çankaya
Efe Rent A Car,0 312 336 70 72,Kerkük Cad. 38/a Demetevler / Ankara / Yenimahalle
Alp Rent A Car,0 252 417 10 90,Kenan Evren Bulvarı Durmazlar Cad. 126. Sok. Hülya Apt. No:1/a / Muğla / Marmaris
Eylül Car Rental,0 252 214 66 23,Şeyh Mah. İsmet İnönü Cad. Nazse İşhanı Kat:4 No:15 / Muğla / Merkez
Kadıoğlu Rent A Car,0 362 233 57 78,Zafer Mah. Divitçioğlu Cad. No:54/a / Samsun / Merkez
Eser Rent A Car,0 324 238 58 28,Camii Şerif Mah. 5212 Sok. / Mersin / Merkez
Nisa Otomotiv,0 216 311 40 53,Merve Mah Mimar Sinan Bulvarı No:46 / İstanbul / Sancaktepe
Ayka Rent a Car,0 216 414 29 52,Eğitim Mah. Hakkı Bey Sok. No:1/3 Ziverbey / İstanbul / Kadıköy
Can Trafik Takip,0 232 343 11 37,Mevlana Mah. 1731 Sok. No:1/c / İzmir / Bornova
Anadolu Rent A Car,0 312 418 66 61,Tunalı Hilmi Cad. No:45/c / Ankara / Çankaya
Kocaeli Oto Kiralama,0 262 233 17 11,Kocaeli Valilik Karşısı No:21 / Kocaeli / Merkez
Sağlam Oto Kiralama,0 216 417 23 30,Karayolları Çınar Mah. Yeşiltepe Sok. No:28 1 Dükkan / İstanbul / Maltepe
Sağlam Rent a Car,0 212 660 03 30,İncirli Cad. Bingül Sok. Taneri Apt. No:2/8 / İstanbul / Bakırköy
Sağlam Oto Kiralama,0 412 228 01 43,Ekinciler Cad. Çalışkanlar Apt. Kat:2/5 / Diyarbakır / Merkez
Yılmaz Rent a Car,0 312 269 91 64,Maraşal Çakmak Mah. Atatürk Cad. 82/b / Ankara / Sincan
Genç Oto Kiralama,0 312 417 01 61,Tunalı Hilmi Cad. No:31/b Kavaklıdere / Ankara / Çankaya
Car City Oto Kiralama,-,Sivas Cad. Yıldız Apt. Altı 17/c ( Balıkçılar Karşısı Kent Turizm Bilet Satış Noktası ) / Kayseri / Kocasinan
Alper Rent A Car,0 312 431 20 61,Libya Cad. 15/d ( Ahmetler Shell Karşısı ) Kolej / Ankara / Çankaya
İlayda Oto Kiralama,0 216 518 08 78,Çınar Mah. Göker Sok. No:5 Küçükyalı / İstanbul / Maltepe
Paris Rent A Car,0 242 354 05 54,Yeni Havalimanı Yolu Altıntaş Mah. No:182 / Antalya / Merkez
Antakya Gül Turizm Rent A Car,0 326 213 41 51,İstiklal Cad. Ada Çarşısı No:1 / Hatay / Merkez
Eren Oto Kiralama,0 212 644 65 18,Basın Sitesi Elvan Sok. No:23/c / İstanbul / Bahçelievler
Turkey Car Rental,0 252 313 41 79,Kumbahçe Mah. Dr. Mümtaz Ataman Cad. No:4/6 / Muğla / Bodrum
Deniz Oto Kiralama,0 258 261 52 95,Atatürk Cad. No:17 / Denizli / Merkez
Has Rent a Car,0 212 652 02 05,- / İstanbul / Bakırköy
B.K.T. Tur Rent A Car,0 216 572 89 10,İçerenköy Mah. Karslı Ahmet Cad. Dedeoğlu Apt. No:10/4 / İstanbul / Ataşehir
Wip Rent a Car,0 242 463 18 19,Havalimanı Mevkii Güzelyurt Mah. 215 Sok. No:19 / Antalya / Merkez
724 Rent A Car,0 242 511 05 59,Kızlarpınarı Mah. Uğurlu Sok. Adil Apt. B Blok No:16/a / Antalya / Alanya
Sim Rent A Car,0 216 685 12 35,Yenısehır Mah. Osmanlı Bulvarı Atlantis Avm B Blok D:8 Uydukent / İstanbul / Pendik
Can Rent a Zar,0 372 322 82 87,Devrek Yol Ayrımı Merkez İşhanı Kat 1 No:107 / Zonguldak / Ereğli
Vip Rent A Car,0 252 316 49 05,Neyzen Tevfik Cad. No: 120/b ( Tepecik Camii Karşısı ) / Muğla / Bodrum
Cratos Araç Kiralama,0 312 430 20 25,Kültür Mah. Libya Cad. No:19-b / Ankara / Çankaya
Elif Araç Kiralama,0 312 430 65 40,Bülbülderesi Cad. 24/c Seyranbağları / Ankara / Çankaya
MYN Rent A Car,0 212 320 36 39,Perpa Ticaret Merkezi B Blok 1453 9. Kat Okmeydanı / İstanbul / Şişli
Derin Oto Kiralama,0 312 419 29 89,Tunalıhilmi Cad. 33 B / Ankara / Kavaklıdere
Asya Oto Kiralama,0 324 359 54 51,Fatih Mah. G. M. K. Bulvarı Batmaz Apt. Kat:1 No:567 - B Mezitli / Mersin / Merkez
Mersin Oto Kiralama,0 324 328 68 34,G. M. K. Bulvarı 376/a Yenişehir İlçe Emniyet Müdürlügü Yanı / Mersin / Merkez
Maviarabalar rent a car,2627453066,nenehatun mah tuzla cad no:200 / Kocaeli / Gebze
Akdeniz Rent a Car,-,Sülüntepe Mah. Sefa Cad. No:82 Kurtköy / İstanbul / Pendik
Aktif Rent a Car,0 252 455 477 99,Kenan Evren Bul. No:12/f İçmeler / Muğla / Marmaris
Prestij Rent a Car,0 442 234 74 84,Çaykara Cad. Halit Paşa Site Altı No:10 / Erzurum / Merkez
Grand Rent A Car,0 422 266 00 22,Erhaç Havaalanı No: Z49 D / Malatya / Merkez
Fly Rent A Car,0 232 220 01 01,Atıf Bey Mah. 70 Sok. No:11/a / İzmir / Gaziemir
Ankara Rent A Car,0 312 361 41 51,Fatih Caddesi No:43/4 / Ankara / Keçiören
Nord Travel,0 216 588 51 86,İstanbul Sabiha Gökçen Havalimanı Dış Hatlar Terminali Z 195 / İstanbul / Pendik
Keçiören Rent A Car ,0 312 325 44 48,Basınevleri Cad. No:23/a Basınevleri / Ankara / Keçiören
Önder Oto Kiralama,0 352 231 44 67,Camikebir Mah. Ulucami Cad. No:3/18 / Kayseri / Melikgazi
Power Car Rental,0 242 322 00 85,Yeşilbahçe Mah. Tevfik Işık Cad. Hülya Apt. 22/a / Antalya / Merkez
Enes Rent A Car,0 232 343 20 11,Musatafa Kemel Caddesi Finansbank Özkanlar Şubesi Yanı Efes Apt No:5 / İzmir / Bornova
Pergamon Rent A Car,0 252 319 43 95,Merkez Mah. Barıs Akay Cad. No:4/c Konacık / Muğla / Bodrum
Nepcar Oto Kiralama,0 232 279 29 70,Eğitim Mah. Orhan Veli Sok. No:1/a / İzmir / Balçova
Ais Rent A Car,0 216 612 92 00,Ihlamurkuyu Mah. Alemdağ Cad. Marmara Sok. No:2 / İstanbul / Ümraniye
Pay-Max Rent A Car,0 414 315 41 81,Yenişehir Mah. M. Akif Ersoy Cad. İnalı Apt. No:1 / Şanlıurfa / Merkez
DAB Rent A Car,0 216 444 43 22,Sabiha Gökçen Havalimanı Dış Hatlar Geliş Terminali- Atatürk Havalimanı Dış Hatlar Geliş Terminali - Dünya Ticaret Merkezi / İstanbul / Pendik
Mavi Oto Kiralama,0 324 237 58 96,Kiremithane Mah. İstiklal Cad. No:113-b / Mersin / Merkez
AS Auto Rent A Car,0 232 251 67 71,Havacılar Cad. Başbey Sit. D Blok No:15/c / İzmir / Gaziemir
Auto Smart Rent a Car,0 232 279 40 10,Sakarya Caddesi / İzmir / Balçova
Akçay Oto Kiralama,0 442 234 83 36,Aliravi Cad. Şimşek İş Merkezi Kat:3 No:23 / Erzurum / Merkez
Erdem Oto Kiralama,-,Anadolu Cad. Belediye İş Merkezi No:951/203 Kat:2 / İzmir / Çiğli
Erdem Rent A Car,0 232 279 00 04,Fevzi Çakmak Mah. Cengiz Topel Sok. Çimen Apt. No:6 D:34 Belediye Binası Yanı Kibaroğlu Marketin Üst Katındayız / İzmir / Balçova
Aleyna Rent a Car,0 216 508 10 23,Çakmak Mah. Alemdağ Cad. No:476 D:4 / İstanbul / Ümraniye
Garanti Rent A Car,0 372 316 01 67,Erdemir Caddesi Çetin Apatay Bulvarı Erdemir İş Merkezi Kat:2 No:205 / Zonguldak / Ereğli
Center Car Hire,0 232 489 93 34,Gazi Osman Paşa Bulvarı Hilton Center No:7 K:1-47/b Çankaya / İzmir / Konak
Güven Oto Kiralama,0 216 418 31 50,Zühtü Paşa Mah. Reşitpaşa Sok. No/1-b Kızıltoprak / İstanbul / Kadıköy
ADK Otomotiv,0 216 700 16 18,Feneryolu Mah. Fahrettin Kerim Gökay Cad. No:108/6 Göztepe / İstanbul / Kadıköy
Avrupa Oto,0 312 436 05 05,Bülbülderesi Cad. 118 A Küçük Esat / Ankara / Çankaya
Pegasus Turizm ve Organizasyon,0 312 468 74 35,Güniz Sok. No:4/2 / Ankara / Kavaklıdere
Green Rent A Car,0 232 446 90 60,Mithatpaşa Cad. No:310 Z/1 Karataş / İzmir / Konak
Toxsi Rent A Car,0 212 503 70 18,Şirinevler Mah. Fetih Cad. 4. Sk. No: 3/1 / İstanbul / Bahçelievler
Ay Rent a Car,0 384 341 70 55,İmran Mah. Güllüce Cad. Terminal İçi No:8 Ürgüp / Nevşehir / Ürgüp
Enes Oto Kiralama,0 356 214 64 21,Gop Bulvarı 10 Cu Sokak No:6 / Tokat / Merkez
Urfa Araç Kiralama,0 414 315 56 66,R. T. Erdoğamn Bulv. Abuzeroğlu Apt. No:3 / Şanlıurfa / Merkez
Euro Rent A Car,0 414 313 56 20,Bahçelievler Mah. İpek Sok. Efdal Apt. Altı No:1/a / Şanlıurfa / Merkez
Ütopya Oto Kiralama,0 484 223 19 29,B. Evler Mah. A. Gaffar Okkan Cad. İhsan Tan Bulvarı No:20 / Siirt / Merkez
Taşdemir Oto Kiralama,0 342 517 67 68,Fatih Sultan Mah. Rüştüye Sok. No:25 ( Osmanlı Parkı Civarı ) / Gaziantep / Nizip
Şahin Oto Kiralama ve Emlak,0 342 517 35 18,Namık Kemal Mah. Arıseven Sok. No:44 / Gaziantep / Nizip
Çakır Otomotiv Oto Kiralama,0 342 517 47 00,Namık Kemal Mah. Karkamış Cad. No:71/a / Gaziantep / Nizip
Kapadokya Rent a Car,0 384 341 60 55,Ataturk Bul. Onu İs Hani Kat:1 No:1 / Nevşehir / Ürgüp
Simay Rent a Car,0 242 742 34 41,Kemer Mah. Side / Antalya / Manavgat
Keten Oto Kiralama,0 344 223 80 77,Yeni Hükümet Cad. Bayındırlık Karşısı / Kahramanmaraş / Merkez
Turinex Oto Kiralama,0 224 513 21 00,Dr. Ziya Kaya Mah. Ilıca Cad. No:90/a / Bursa / Gemlik
Denizhan Turizm,0 252 612 76 32,Muğla Makası Duran Petrol Üstü / Muğla / Fethiye
Sembol Rent A Car,0 446 214 69 71,Halitpaşa Cad. İnönü Mah. 17. Sok No:3 / Erzincan / Merkez
Star Oto Kiralama,0 412 229 36 90,Ekinciler Cad. Onur Pasajı No:28/29 Ofis / Diyarbakır / Merkez
Omega Rent A Car,0 322 457 40 11,Cemalpaşa Mah. Toros Cad. Volkan Apt. No:14/g / Adana / Seyhan
İkizler Oto Kiralama,0 442 233 13 55,Çaykara Cad. Halit Paşa Sitesi No:6 / Erzurum / Merkez
Sude Oto Kiralama ve Ticaret,0 442 234 30 25,Çaykara Cad. Milletbahçe Sok. Halitpaşa Siteleri Altı No:45 Yakutiye / Erzurum / Merkez
Göktürk Rent A Car,0 442 235 18 10,Çaykara Cad. Duygu Sit. C/blk No:5 / Erzurum / Merkez
Brothers Rent A Car,0 242 512 70 78,Saray Mah. 920 Sok. Akça Ap. No:5/b / Antalya / Alanya
ERS Otomotiv,0 216 344 94 84,Esenevler Mah. Yunus Emre Cad. No:6/b / İstanbul / Ümraniye
İzmir Vip Transfer,0 232 712 98 86,3013 Sok. No:26/8 / İzmir / Çeşme
Lider Oto Kiralama,0 362 234 62 74,Cumhuriyet Mah. No: 102/b İlkadım / Samsun / Merkez
Beyza Turizm Oto Kiralama,0 342 336 69 68,Kavaklık Mah. Ordu Cad. No:14 / Gaziantep / Şahinbey
Başkent Rent A Car,0 362 230 04 36,Karadeniz Mah. Lise Cad. No:14/c / Samsun / Merkez
Anka Oto Kiralama,0 232 347 88 50,Mansuroğlu Mah. Mustaf Kemal Cad. No:153/c / İzmir / Bornova
Mega Oto Kiralama,0 224 250 51 20,Darmsdat Cad. Çeri Sok. No:30/a / Bursa / Osmangazi
Yiğit Oto Kiralama,0 236 231 77 77,1. Anafartalar Mah. Konuk Cad. Vakıf İş Hanı Kat:2 / Manisa / Merkez
Ersan Rent A Car,0 242 312 77 38,Gençlik Mah. Tevfik Işık Cad. Meltem Sitesi 4. Blok Girişi / Antalya / Merkez
As Rent a Car,0 216 505 61 16,Namık Kemal Mah. Sütçü İmam Cad.deniz Apt. No:67/2 / İstanbul / Ümraniye
As Rent A Car,0 232 343 26 00,Sakarya Cad. No:1 B:1 Özkanlar / İzmir / Bornova
ICR Rent A Car,0 242 352 31 52,Etiler Mah. 882 Sok. Havacılar Sitesi D Blk. No:41/3 / Antalya / Merkez
Ber-Ke Rent a Car,0 232 616 51 87,Kazım Dirik Mah. Barboros Cad. No:8 / İzmir / Aliağa
Efe Rent A Car,0 252 313 01 51,Y. Başı Mah. R. Hacı Halil Ef. Sok. No:3 / Muğla / Bodrum
Nas ,0 442 342 8847,Köşk Cad. Akçağ Apt. No:9 / Erzurum / Merkez
Cem Rent a Car,0 312 430 65 00,Seyranbağları Bülbülderesi Cad. No:24/c / Ankara / Çankaya
Tuğra Turizm Rent A Car Ltd. Şti.,0 252 319 40 44,İsmet İnönü Cad. E Blok No:2 Gümbet / Muğla / Bodrum
Auto Tuğra Rent a Car,0 216 422 20 36,Güzeltepe Mah. Namazgah Cad. No:53/1 Çengelköy / İstanbul / Üsküdar
Bizkar Araç Kiralama,0 262 321 59 30,Eski Ptt Cad. No:7 / Kocaeli / Merkez
Araç Kiralamacı,0 212 324 01 79,Emniyet Mah. Emniyet Cad. No:4/3 4. Levent / İstanbul / Kağıthane
Azura Araç Kiralama,0 322 458 30 15,Adana Şakirpaşa Havalimanı İç Hatlar Ve Dış Hatlar Terminali / Adana / Seyhan
Hasefe Araç Kiralama,0 216 630 39 39,Yamanevler Mah. Küçüksu Cad. No:48/1 / İstanbul / Ümraniye
TAV Araç Kiralama,0 312 226 05 06,Suvari Mah. 1682 Cad. No:4/b / Ankara / Etimesgut
Inter Rent A Car,0 212 663 66 65,Atatürk Havalimanı Bölgesi No:17 Yeşilköy / İstanbul / Bakırköy
Volkan Oto Kiralama,0 362 234 49 39,Çiftlik Mah. Divitcioğlu Cad. No:71/b / Samsun / Merkez
Volkan Rent a Car,0 232 256 18 28,355 Sokak No:2/b Bahçelievler / İzmir / Karabağlar
Keskinler Rent A Car,0 256 811 39 94,Efeler Mah. Eski Adliye Arkası No:79 / Aydın / Didim
Krom Travel,-,Antalya Havaalanı / Antalya / Merkez
Melisa Rent a Car,0 232 464 12 21,1440 Sokak No:15/a / İzmir / Alsancak
Most Ankara Oto Kiralama,0 312 437 44 55,Nenehatun Caddesi No:17/c / Ankara / Çankaya
Kaptan Rent A Car,0 462 326 51 72,Meydan Tanjant Yolu Kiler Market Karşısı Akgün İşhanı No:2 / Trabzon / Merkez
Özgür Oto Kiralama,0 258 242 82 28,Lise Cad. Çınar Camii Arkası Güven Kolor Karşısı 859 Sok. No:1/c / Denizli / Merkez
Turkuaz Rent a Car,0 232 425 62 81,Atıfbey Mah. Etiler Cad. No:28/ı / İzmir / Gaziemir
Güven Rent a Car,0 216 399 52 45,Atatürk Cad. Güven İş Mrk. No:135/74 / İstanbul / Maltepe
Inter Araç Kiralama,0 212 550 15 15,Yenibosna Merkez Mah. Yasemin Konakları 2 A1 / İstanbul / Bahçelievler
Akdoğan Oto Kiralama,0 352 222 07 78,Sahabiye Mah. Mete Cad. Akçakaya İşmerkezi Kat:1 No:101 Almer Karşısı / Kayseri / Kocasinan
Kalaycı Oto Kiralama,0 312 318 44 00,Ziraat Mah. Kenar Sok. 26/d Aydınlıkevler ( Türk Telekom Yanı ) / Ankara / Altındağ
Özbirlik Rent A Car,0 224 220 78 59,Bursa Atatürk Stadyumu Altı Alt Sıra Dükkanlar No:15 / Bursa / Osmangazi
CMK Oto Kiralama,0 212 641 41 34,Zuhuratbaba Mah. Yücetarla Cad. Yavuzevler Mektep Sok. No:11/4 / İstanbul / Bakırköy
MNB Rent Acar,2328121987,"Atatürk Mahallesi, 123 sokak, No:6 35680 Foça - İzmir / İzmir / Foça"
Oto Kiralama Ankara,3124194140,Meşrutiyet Cad. No: 14 / 16  Kızılay / Ankara / Ankara / Çankaya
Poyraz Rentacar,2322793798,sarmaşık cad. no24/A balçova-izmir / İzmir / Balçova
Economy Car Rentall,5055633949,HAVALİMANI YOLU 2.KM YENIMAHLLE KAYSERİ / Kayseri / Erkilet Havaalanı
Van Oto Kiralama,4322124353,Kazım Karabekir Cad. Toyota Plaza Karşısı Soydan İş Merkezi Kat:2 No:6 / Van / Merkez
Elit Rent A Car,2562155717,Mesudiye Mah. Batı Gazi Bulvarı No:122/b / Aydın / Merkez
Way Car Hire,5324938354,9 Eylül Mah. Havacılar Cad. No:19/h / İzmir / Gaziemir
Erdem Oto Kiralama,5555192717,anadolu cad.belediye iş merkezi kat:2 çiğli/izmir. / İzmir / Çiğli
Aydemirler oto kiralama,3123612444,ankara keçiören / Ankara / Keçiören
Cenk oto kiralama,2242530666,Carsamba Pazari ilkbahar cad. Unler apt. no:30 /B Osmangazi / BURSA / Bursa  / Osmangazi
Fix Rent a car,2424632088,Güzelyurt Mh.Sirin evler Cd. 74 / 1 Çalkaya / ANTALYA / Antalya / Çalkaya
Rich Rent a car,2623355500,Sefa Sirmen Bulvarı Oto Ticaret Merkezi No:6 İzmit Kocaeli / Kocaeli / İzmit
Life Oto Kiralama,3522220917,Fatih Mahallesi İstasyon Caddesi (emek Kavşağı karşısı ) No: 48/B / Kayseri / Merkez
Re.da.pa.tur,3122317325,"ANKARA ÇANKAYA, ESKİŞEHİR TEPEBAŞI, BURSA GENÇOSMAN / Ankara / Çankaya"
Eksper Oto Kiralama Kars Rent A Car,4742127080,"Şehitler Mah. İnönü Cad. No:115
 / Kars / Merkez"
Alper Oto Kiralama,3124339998,Kültür Mahallesi Libya Caddesi No:15 Kolej Ankara / Ankara / Merkez
Dream Rent a car,00902423161293,güzelyurt mah.yenilarayolu no:213 havalimanı aksu antalya / Antalya / Merkez
Royal Rent A Car,05069378342,Cüneyt Bey Mah. İbrahim Turan Cad. No: 5Menderes/İZMİR / İzmir / Menderes
MGN RENT A CAR,0232 431 05 99,5745 SOKAK NO.4 MTK SİTESİ ÇAMDİBİ / İZMİR / İzmir / Yenişehir
Erbey Turizm / Euro Rent A Car,03423396110,Kavaklık Mh. Fevzi Çakmak Blv. No:11/A / Gaziantep  / Şahinbey
ERAY RENT A CAR,02423540046,HAVALANI / Antalya / Merkez
Escort Rentekar,05066485506,Atatürk Cad. 15 Mayıs Mah. No:33/F Maliye Yanı DENİZLİ / Denizli / Merkez
Garantiaraba.com,02125831977,Kartaltepe mah. Selahattin kormaç sok. No:4/3 / İstanbul / Bakırköy
Üçüzler Rentacar,02268121414,bahçelievler mah fatih cad donanma sok no :86/A / Yalova / Merkez
West Rent a car,0312 443 0 118,6.cad. 59. sok. no: 1 Şaşmaz / Ankara / Etimesgut
Kalis Oto Kiralama,0090 312 399 3024,esenboğa havalimanışube iskitler / Ankara / Merkez
KUZEN RENT A CAR,0216 450 29 10,söğütlüçeşme / İstanbul / Kadıköy
AĞRI ÇEÇEN OTO KİRALAMA,05336561911,kağızman cad ağrı merkez / Ağrı / Merkez
Kristal Araba Kiralama,03124339998,Filistin Caddesi Kuleli Sokak No:22 / Ankara / Merkez
hasgul rent a car,0232 262 14 64,502 sokak no :72 bahçelievler üçyol/ izmir / İzmir / Karabağlar
ES RENT A CAR ANTALYA,02423216078,GENÇLİK MAH.TEVFİK IŞIK CAD. MELTEM SİTESİ NO:41 ANTALYA / Antalya / Merkez
A-CAR RENT,0312 280 00 31,altay mah.orhan bey cad.Galeria avm.no:78 ERYAMAN / Ankara / Etimesgut Havaalanı
Z Car Rental,0424 212 22 60 ,ELAZIĞ VİLAYET KARŞISI / Elazığ / Merkez
Bulut Rent A Car Marmaris,0 252 413 10 76,"Çamdibi Mah. 300 Sok. 
No : 33 Marmaris TURKEY / Muğla / Marmaris"
Avez Carrental,0232 2519881,"atif bey mahallesi 5/2 sokak no 16/b 
gazemir izmir / İzmir / Gaziemir"
Has Rentacar,05072035954,ıncırlı caddesi / İstanbul / Bakırköy
DORA RENT A CAR,03242370767,Çankaya MAh. İstiklal Cad. No: 55  / Mersin / Merkez
Kızılkaya Ren ta car,05357682527,çavuş oğlu mah. öz fidan apr.altı no. 4 / Malatya / Merkez
DO-GO TURİZM,+902322204444,Adnan menderes havalimanı / İzmir / Adnan Menderes Havalimanı
DOLLAR RENT A CAR,0346 223 78 78,örtülü pınar mah.reşat şemseddin sok no 2 / Sivas / Merkez
ANADOLU RENT A  CAR,0326 213 00 53,istiklal caddesi  / Hatay / Antakya
7/24 Rent a car,0272 215 35 95,Sümer Mah. Zafer Cad. 1/A  / Afyonkarahisar / Merkez
Emir Oto Kiralama,0488 213 59 89,Gap Mahallesi İnsan Hakları Bulvarı No : 5 / Batman / Merkez
Auto vip,0216 366 83 80,galipbey cad. altıntepe maltepe / İstanbul / Maltepe
Doğuş Rent A Car,+90 (212) 323 33 47 ,"İstinye Çayır Caddesi No:5/A kat:2 Daire:3 İstinye
 / İstanbul / Sarıyer"
Aktur Rent A Car, 0232 271 60 68,gaziemir merkez / İzmir / Gaziemir
Adana Oto Kiralama,0(322)224,"Baraj Yolu 3,5 Durak Alper Apt. Altı no: 16/1 ( Alpet Petrol Yanı) / Adana / Seyhan"
Denizli Rent,02589110296,Kayalık Caddesi  / Denizli / Merkez
Arma Rent  A Car,02422445383,Gençlik Mah. Fevzi Çakmak CAd. GAlip Apt.Nu:27/C  / Antalya / Muratpaşa
Tuana Rent A Car Seyahat Turizm San ve Tiç Ltd Şti,02122786363,"
Sultan Selim  Mahallesi. Yunus Emre Caddesi. No:17A-1
Kağıthane / İSTANBUL
 / İstanbul / Kağıthane"
AliOğlu Renat a Car,04367113608,GÜMGÜM MAH YENİ ORTA CAMİİ KARŞISI  MUŞ YOLU 117/A AliOğlu Rent a Car  / Muş / Varto
TIKISAN OTOMOTİV ARAÇ KİRALAMA,03328826100,OTOGAR KARŞISI YÜRBAN SİTESİ ALTI NO:112 / Konya / Ilgın
Altuğ Oto Kiralama,0312 425 25 22,Tunalı Hilmi Caddesi No: 5/B / Ankara / Çankaya
Viaydi İzmir Rent A Car,0232 313 01 13 ,1375 Sokak No:6/E Alsancak Konak İZMİR / İzmir / Konak
BerRentaCar,03124811660,Atmaca Sokak No:8/1 / Ankara / Merkez
ÇETİN RENT A CAR,05530288493,Bahçelievler Mh. Atatürk Bulvarı No:318/D Coşkun Market Yanı Devdağlar Petrol Civarı / Adıyaman / Merkez
polat oto kiralama,03123700000,1349. sokak no:8 ostim / Ankara / Kavaklıdere
Greencity Rent A Car,04625410057,Greencity olarak önceliğimiz bakımlı ve temiz araçlarımız ile sizlere hizmet sunmaktır. Bu hizmeti sunarken en önemli değerimiz müşteri memnuniyeti ve müşterimiz ile güvenilir bir bağ kurmaktır. Trabzon içerisinde istenilen noktada araç teslimi yapılır ve / Trabzon / Merkez
hemen araç,02126608444,zuhuratbaba mah. incirli cad. bingül sok no 2 daire 6  / İstanbul / Bakırköy
DAFRENTACAR,02322510094,Atıfbey Mah. 2 Sok. No:14/D (Mezarlık Sokağı) Gaziemir / İZMİR / İzmir / Gaziemir
Otoredi Elektronik Ticaret A.Ş. ,0850 302 2 300,"Çamlıca Köşkü, Francalacı Sokak No:28 34345 Arnavutköy, Beşiktaş İstanbul / İstanbul / Sabiha Gökçen Havaalanı"
ANTALYA RENT A CAR,+90.5444084244,ANTALYA HAVALİMANI / Antalya / Merkez
Platinum Rent a car,0212 677 27 52,KARTALTEPE MAH. İNCİRLİ CAD. İHSAN KALKMAZ SOK. NO:47/12 / İstanbul / Bakırköy
Tufekcioglu Group,212 444 4104,Levent mahallesi çamlık caddesi zambaklı sokak no:3 / İstanbul / Beşiktaş
marmaris rent a car,+905368158922,siteler mah. 208 sok alicik apt 4/8 / Muğla / Marmaris
ideal marmaris rent a car,+905368158922,"siteler mah.185 sok alicik apt, 4/8 / Muğla / Marmaris"
CİTY CAR,216 444 2 127,ıhlamurkuyu mah. alemdağ cad. balaban sk. no:6/b ümraniye  / İstanbul / Ümraniye
TURKEY ANTALYA ELPARS RENT A CAR,5444084244,antalya havalimanı / Antalya / Merkez
Adana Ecrin Oto Kiralama,5304951505,eğe bağatur bulvarı. un fab. karşısı yüreğir adana / Adana / Merkez
karahan rent a car,2582652303,atalar mh. 924 sk. no:2/c  zemin kat halk kütüphanesi yanı / Denizli / Merkez
CİTY CAR ,444 2 127,IHLAMURKUYU MAH. ALEMDAĞ CAD. BALABAN SOKAK NO:6B ÜMRANİYE  / İstanbul / Ataşehir
HES GROUP,02165941826,ÇAMLIK MAH.İKBAL CAD.KAHRAMAN SOK.NO:24/A ÜMRANİYE/İSTANBUL / İstanbul / Ümraniye
Shift Oto Kiralama,0232 339 19 98,Erzene mahallesi 64 sokak no:4/A  / İzmir / Bornova
Ekmar Turizm,0090 252 4122552,Netsel Marina / Muğla / Marmaris
Shift Rentacar,02323391998,64sk no4 erzene mh bornova izmir / İzmir / Bornova
AVCI OTO KİRALAMA,3322389518,FEİTPAŞ MH NALÇAC CD GAYE SİT B BLOKN:3/C / Konya / Selçuklu
Aventour,0 212 543 28 41,Kartaltepe Mah. Sayfiye Sk. No: 32 Ömür Apt. B Blok D:2 İncirli-Bakırköy / İSTANBUL / İstanbul / Bakırköy
Ürgüp Rent a Car,03843416055,Dutlu Cami Mah. Dar Sok. No:8 / Nevşehir / Ürgüp
İstanbul Araç Kiralama,0 212 570 33 39,"İstanbul Anadolu ve Avrupa yakası, araç kiralama hizmetleri, lüks ekonomik ve VIP araçlar, uygun ödeme koşulları, ekonomik fiyatlar ve kampanyalar / İstanbul / Bakırköy"
Vip-Rentacar,05438651108,istanbul / İstanbul / Atatürk Havalimanı
İstanbul Araba Kiralama,+90 212 573 28 41,Kartaltepe Mah. Sayfiye Sk. No: 32 Ömür Apt. B Blok D:2 İncirli / İstanbul / Bakırköy
Moya Rent A Car,0232 252 60 41,Atıfbey mahallesi Etiler caddesi No:26/A-B Gaziemir / İzmir / Gaziemir
Fix Rent A Car,90 (322) 454 5715,"Resatbey Mahallesi 62017 Sokak, Esin Apt. Altı No:16  / Adana / Seyhan"
CİTİ RENT A CAR,02324221909,1375 SOK. 6/B ALSANCAK / İzmir / Alsancak
Redox Rent A Car,232 4649980,Mahmut Esat Bozkurt Cad. No:47/C / İzmir / Alsancak
Ahkan Rent a car,0542 218 00 33,çankaya mahallesi www.mersinrentacarmersin.wordpress.com / Mersin / Akdeniz
Wise rent a car,0212 621 26 92,ATİKALİ MAH FEVZİPAŞA CAD ÇELEBİ SÜLEYMAN SOK NO:5/A FATİH /İSTANBUL / İstanbul / Fatih
Pelikan Autos Turkey,02322745825,951 sok No 6.  35410   / İzmir / Gaziemir
ACCESS RENTAL,0216000000,atakent mah. mithatpaşa cad. / İstanbul / Ümraniye
FiloPark Rent A Car,4442586,Maslak Mah.Dereboyu Cad.Zagra İş Merkezi No:14/6 Şişli / İstanbul / İstanbul / Şişli
Emniyet Rent A Car,0212 428 39 66,Firuzköy Bulvarı İnönü Cad.No:24/B (Eski Avcılar İlçe Emniyet Müd.Karşısı) / İstanbul / Avcılar
Viaydi Rent A Car,08503800180,Adres : 1375 Sokak No : 6 / e Alsancak / İzmir / Konak
Atlas Oto Kiralama,+902422480968,gençlik mah fevzi çakmak cad meltem apt no 39/a / Antalya / Merkez
Contirental Oto Kiralama,0266 221 55 56,"3 As İş Merkezi, Plevne Mah. Yeni İzmir Cad. No: 113/1, Merkez, BAlikeSİR, Türkiye / Balıkesir / Merkez"
RentMobil Oto Kirlama Hizmetleri,05321002710,Yenişehir Mh Atlantis Premium Plaza Sabiha Gökçen Havaalanı Karşısı / İstanbul / Pendik
Biga Kırbaş Rent a car,0286 317 29 19,Kıbrıs Şehitleri Cad. Bandırma yolu üzeri  / Çanakkale / Biga
Favori Rent a car,03325822000,acı seyıt ali mahallesi han boğazı 201 sok no9-a han boğazı 42360 SEYDİŞEHİR KONYA / Konya / Seydişehir
KAFKAS RENT A CAR,0232 252 4911,atıf bey mah mertler cad 20/c / İzmir / Yenişehir
OKUŞLAR OTO KİRALAMA,3126222222,cumhuriyet mah battal gazı cad lale sok 2/a / Ankara / Polatlı
Keops Rentacar,2125511260,atatürk cad.aralıksok .no.1..k.2..alibeyköy.eyüp. istanbul / İstanbul / Eyüp
Otocar Rent a car,444 06 92,Çavuşoğlu Mah.Yakacık Cad.No32/A Kartal-İstanbul / İstanbul / Kartal
Tcars rental,0252 417 82 22,Siteler mah. Cumhuriyet Bulvarı No:17/A   / Muğla / Marmaris
West rent a car,03124430118,2468 sok. no:8/7 şaşmaz / Ankara / Etimesgut Havaalanı
almila otomotiv,0212  639 55 56,hüriryet mah tekin çıkmazı sk no:6 / İstanbul / Bahçelievler
PASHA RENT A CAR & ARAÇ KİRALAMA,02125325840,Mimarsinan mah. mollaeşref sok. no:6/6  / İstanbul / Üsküdar
OtoCity Rent a car,0212 442 22 58,Komikhasan Efendi Cad. Çayçiçeği Sok. No : 10 D : 1 Bahçelievler / Yayla / Talatpaşa / İstanbul / Bahçelievler
Adanacar.com,0 322 235 15 86,"Merkez:

Reşatbey Mah.Avm Eroğlu Sokak,İzan Apt. Altı No:4/A Seyhana/aADANA

Adana Havallimanı Ofis

Dış Hatlar Gelen Yolcu Terminali
Seyhan / Adana / Adana / Merkez"
İzmir Oto Kiralama,02324650804,1375 Sokak No:12/C Alsancak / İzmir / Konak
GÖKÇEOĞLU OTOMOTİV,0216-498-83-21,Turgut reis mah.fatih bulvari no:253/a  / İstanbul / Sultanbeyli
TR RENTACAR İZMİR,0232 250 00 16,halide edip adıvar caddesi no:41/a  ÜÇYOL / İzmir / Konak
Demircan Oto Kiralama,02125906763,Ambarlı Mahallesi Balaban Caddesi Yurdakul sokak no:14 dükkan:4 / İstanbul / Avcılar
samsun kadıoğlu rent a car,0362 2335778,zafer mah divitcioglu cad 54/a / Samsun / Merkez
Eren VIP Oto Kiralama,02242454900,İzmir Yolu Dorukkent Sitesi No:86 Nilüfer / BURSA / Bursa  / Nilüfer
Kırşehir Oto Kiralama,5422305494,Ankara Caddesi No: 40 / Kırşehir / Merkez
HASGÜL RENT A CAR TRANSFER,0326 214 96 73,İstiklal Caddesi Aselcioğlu İşhanı No:75/B / Hatay / Merkez
Tugra Rent acar,02127713636,hadımköy / İstanbul / Arnavutköy
moment rent a car,0232 252 22 36,gazi mah. 16 sokak no:15/b  / İzmir / Gaziemir
Marmaris Arac Kiralama,+90 252 417 27 00,kenen evren bulvarı. ilce emniyet müdürlüğü karsısı. siteler  / Muğla / Marmaris
Mr.travel,+90 252 417 27 00,şirinyer mah.130 sok.no 3 siteler marmaris / Muğla / Marmaris
CEYHAN ÇAĞLA RENT A CAR,05435448957,İNÖNÜ BULVARI NO :200/A SEBZE HALİ CİVARI           / Adana / Ceyhan
NİL RENT  A  CAR,0232  2523071,akçay  cad.no:175/6   Gaziemir  İZMİR / İzmir / Gaziemir
Oto Car rentacar,2125726608,cevizlik mahallesi istanbul caddesi no : 12 / 2  / İstanbul / Bakırköy
Körfez Oto Kiralama,02323657928,Girne CAddesi No:189/D / İzmir / Karşıyaka
Famakent Filo Kiralama,02165946073,CAMLIK MAH.İKBAL CAD.NO:87/5 / İstanbul / Ümraniye
KAYABAŞI ARAÇ KİRALAMA,04723121804,BÜYÜK AĞRI CAD.NO:324/2 / Ağrı / Doğubeyazıt
VAN HAVALANI OTO KİRALAMA,0432 212 43 53,KAZIM KARABEKİR CADDESİ ARTOS İŞ MERKEZİ KARŞISI VAN OTO KİRALAMA  / Van / Merkez
Kırbaş Rent a car,3172919,Kıbrıs Şehitleri Cad. Bandırma yolu üzeri Biga/Çanakkale / Çanakkale / Biga
EMG RENT A CAR,0322 228 00 30,ADANA ŞAKİRPAŞA HAVALİMANI İÇ VE DIŞ HATLAR GELEN YOLCU TERMİNALİ / Adana / Şakirpaşa Havalimanı
İZ RENTACAR,02423126677,yenigün mah mevlana cad / Antalya / Muratpaşa
AK SİNOP RENT A CAR,0 368 2610534,CAMİKEBİR MAH. SAKARYA CAD. NO:65  KAT 1 / Sinop / Merkez
Nepcar,0232 2792970,eğitim mah.orhan veli sok.no/1/a/balçova/İZMİR / İzmir / Balçova
Çizgi Carrental,02423490952,Antalya Havaalanı Güzelyurt Mah. İncikPınarı Cad. Pınar Apt. No:2146 / Antalya / Merkez
AssistCar Rental,90 212 442 2 632,Kültür Sokak No:1 Metroport AVM B3 Kat No:4 / İstanbul / Bahçelievler
FiLO Car Rental,00902423303090,Uluslararası Terminal 1 ve Terminal 2 / Antalya / Antalya Havalimanı
Bursa Miraç Oto Kiralama,0224 223 95 55,stadyum caddesi atatürk stadyumu altındaki sıra dükkanlar no:26 çekirge-altıparmak hattındayız. / Bursa  / Osmangazi
Nissa Car Rental,03843416760,Duayeri mah. İstiklal cad. No:8  / Nevşehir / Ürgüp
ŞAFAK VİP TURİZM & RENT A CAR,02322525694,Atıfbey Mh.Etiler Cd.No:22/C / İzmir / Gaziemir
Bekman Rent A Car,0242 259 52 09,Hurma Mahallesi Boğaçayı Caddesi 273 Sokak Celal KARABULUT Sitesi A/8 / Antalya / Konyaaltı
10NLAR RENT A CAR,0216 363 85 90,göztepe mah.şair arşi cad.hamle sok.no:21/a  / İstanbul / Kadıköy
Etap Oto,0422 324 14 44,yunus emra cad. evlendirme dairesi karşısı / Malatya / Merkez
Autovermietung Antalya,+90 5336461587,"Gençlik Mah, Fevzi Çakmak Cad Eltut Apt Antalya Işıklar Rent A Car sokağı / Antalya / Merkez"
CİNİSLİ OTO KİRALAMA,0442 242 45 32,ÇAYKARA CAD. YAKAMOZ1 APT ALTI YAKUTİYE/ERZURUM / Erzurum / Merkez
Transfer Ofis,0216 693 0150,"Uğur Mumcu Mah.  Fatih Sultan Mehmet Cd. Serçe Sk. No:10/29 34882  
 / İstanbul / Kartal"
TT Turizm Rent A Car,02125727467,incirli cd. 1.yıldız st. 111-1 ( Bank Asya Yanı ) / İstanbul / Bakırköy
Güneş rent a car,02425652858,Telatiye mah.vatan caddesi no.2/c / Antalya / Alanya
Yüce Rent A Car,0533 6461587,Antalya Merkez Muratparaşa Işıklar / Antalya / Merkez
Araba Kiralama Antalya,0554 6331650,Antalya Havalimanı İç Hatlar Terminali / Antalya / Antalya Havalimanı
Avez Carrental,2519881,akadlar caddesi atif bey mah. no 16/b / İzmir / Gaziemir
Enya Rentacar,0212 493 23 46,"murat mahallesi kamil caddesi no:2
bayrampaşa İstanbul / İstanbul / Eminönü"
Famakent Filo ,0216 594 60 73,çamlık mah.ikbal cad.no:87/5 / İstanbul / Ümraniye
Antalya Rent A Cars,0242 243 49 48,Antalya Havalimanı Yolu Üzeri Güzelyurt İncik Pınarı Mah / Antalya / Antalya Havalimanı
CENK RENT ACAR,02242530666,hocahasan mahallesi tabak sokak no:54 / Bursa  / Merkez
neoncarrental,05336083422,PENDİK UYDUKENT ÇAĞDAŞ CENTER / İstanbul / Pendik
biss havaalanı jeep kiralama,0422 3230298,köy garajı karsı melkid hastanesı yanı / Malatya / Merkez
BİSS MALATYA OTO KİRALAMA,04223230298,malatya ankara yolu uzerı  / Malatya / Merkez
Beykoz Rent a Car,0216 000 00 00,Beykoz Merkez Mahallesi / İstanbul / Beykoz
Keskin Rent A Car,0 (252) 317 0 128,Cumhuriyet Mh. Severcan Caddesi No:79/19 / Muğla / Bodrum
Pirci Rent A Car,02522845439,Gülpınar mahallesi Atatürk Bulvarı 37/D Dalyan Petrol Ofisi Karsısı / Muğla / Merkez
KIRŞEHİR OTO KİRALAMA DENİZ RENT A CAR,05079318464,AŞIKPAŞA MAH. LİSE CAD. ZİRAAT BANKASI KARŞISI NO 1   MERKEZ  / Kırşehir / Merkez
Malatya biss Car Rental,04223230298,havaalanı melidpark hastanesi yanı malatya merkez / Malatya / Merkez
Demir Rent a Car,(0532) 782 34 19,İskele Cad. Düzenli Güneysu İşmerkezi Otel Usta Karşısı Giriş Kat No:15 / Trabzon / Merkez
Happy Rent A Car,0216 589 00 11,Eski Üsküdar caddesi Elif sok no 3  / İstanbul / Maltepe
BAŞKENT RENTACAR,03622340002,İSTASYON MAHALLESİ / SAADET CADDESİ NO:113-D ( EMNİYET MÜDÜRLÜĞÜ ) YANI.. / Samsun / Merkez
EXPERT TURİZM ,0533 625 59 68,KAVAKLIK MAH.ORDR CAD.NO :28 / Gaziantep  / Şahinbey
DOLLAR RENT A CAR,0352 233 68 68,kılıçaslan mah sivas cad adalet apt 46/ a  / Kayseri  / Merkez
Car Rental Terminal,+90 242 312 24 87,Muratpaşa mah. 1563 sok / Antalya / Merkez
AUTOBAHN RENT A CAR,02164814444,"Alemdağ cad. Namık Kemal mah. Aile sok. (Ümraniye Meydanı Karşısı,Çetinemeç Parkı yanı,eski igdaş binası arkası) Ümraniye / İSTANBUL / İstanbul / Ümraniye"
Erdem Rent A Car,216 335 11 50,"Merdivenköy Mah.Şair Arşi cad. No:45/E
Göztepe / İstanbul / Kadıköy"
Yüksel Grup Rent a car,312 212 7 888,"emek mah kazakistan cad no 90/1
çankaya ankara / Ankara / Çankaya"
erzurum oto kiralama,04422347460,çaykara çad halitpaşa site altı n0 57 / Erzurum / Merkez
STAR RENT A CAR ,+ 90 232 797 87 31,ATATÜRK BULVARI ÇUKURALTI MAHALLESİ NO:111/A POST :35490 ÖZDERE / MENDERES / İZMİR / İzmir / Menderes
Bodrum Rent A Car,0252 358 6854,Gündönüm Mevkii Kavaklı Sarnıç Sit M-1 Bitez  / Muğla / Bodrum
SABİHA GÖKÇEN HARA RENT A CAR,+90 216 372 27 65,"Ayşe Çavuş Caddesi NO:12 Suadiye-Kadıköy-İSTANBUL 
Şube: Sabiha Gökçen Havalimanı
Şube:Atatürk Havalimanı / İstanbul / Kadıköy"
Çakır Turizm Rent a car,0212 571 92 27,İst cad teyyare meydanı sok no : 6 / a yeni mah bakırköy / istanbul / İstanbul / Bakırköy
Pelikan Rent A Car,+90 242 4622500,Cihadiye Mahallesi 79. Sokak No: 2 / Merkez / ANTALYA / Antalya / Merkez
DENİZ RENT A CAR ,05079318464,LİSE CD ZİRAAT BANKASI KARŞISI NO 1  / Kırşehir / Merkez
Ekay Rentacar,0276 224 76 66,Durak Mah. Dinçer Sok. No:1 /B  / Uşak / Merkez
Kayseri oto kiralama,+90 352 338 79 69,Yeni Mah. M.K.P bulv. Şanin Ap. No:133/C / Kayseri  / Kocasinan
Sezer Rentacar,0 346 223 55 22,Ahmet Yesevi Cd. Nur Apt / Sivas / Merkez
CEM RENT A CAR,02125577899,merkez mh ataturk cd.no49 d.2 güngören merter / İstanbul / Güngören
RENTACAR34,0212 6537221,maresal fevzi cakmak mah.trabzon iş hanı no 6 kat3/19 şirinevler / İstanbul / Bahçelievler
EA Rent a Car İzmir,5069314957,"157/2. sokak, 71, Buca İzmir / İzmir / Buca"
Marina Car Rental Bodrum,+90 252 358 68 54,Gündönüm Mevki Kavaklı Sarnıç Sit M-1 Bitez Bodrum / Muğla / Bodrum
SIlam Rent a Car,0332 236 36 16,Nalcacı cd.Onarbeyazgül sit.No:50/B  / Konya / Merkez
Brontes Travel Rent A Car,+90 252 319 2500,"Menderes cad.M.Kaşif Ertekin sok.No:3
Gümbet / Bodrum - Muğla / Muğla / Bodrum"
Bodrum Araç Kiralama,0252 317 19 28,İsmet Paşa Cad. No: 24 Konacık/Bodrum / Muğla / Merkez
içel oto kiralama ,0324 238 33 27 ,hamidiye mah atatürk cad 76 /  B  / Mersin / Merkez
First Class Car Rental,05427238589,"Yeni mah. S.Demirel Bulv. Samur İş Merkezi No:21/8 (eski adliye karşısı göksan hazır beton,albarakatürk,finansbank arkası) / Burdur / Bucak"
Hasgüller oto kiralama,5322570078,Fevzipaşa Caddesi Fevzipaşa çarşısı Kat:1 No:115 / Erzincan / Merkez
Dogal Turizm,2125728820,Çırpıcı Veliefendi yolu No:49  / İstanbul / Zeytinburnu
EVREN OTO KİRALAMA RENT A CAR,02242515414,Çırpan Mh. Çeri Sk. No:32 Darmsdat Cd. / Bursa  / Osmangazi
Baytur Rent A Car,0258.261 41 43,İstiklal Cd. No.27/A (İl Halk Kütüphanesi Karşısı-Yeni Zafer Gazoz Yanı)DENİZLİ / Denizli / Çardak
Bursa Oto Kiralama,0.224 273 42 12,"Çırpan mah. darmstadt caddesi No:24/B
(Yurtiçi kargo karşısı) / Bursa  / Osmangazi"
Havuz car oto kiralama,2165745101,Ali Nihat Tarlan Caddesi.Merkez Cami Sok .Yılmaz iş Mrkz 1/5 / İstanbul / Ataşehir
ZGR Araç Kiralama,0 232 464 73 68,Atıf Bey Mah. Adnan Kar İş Merk. 5/3 Sk No:1 Tansaş Yanı Gaziemir / İZMİR / TURKEY / İzmir / Gaziemir
Sabiha Gökçen Rent a car,2166118188,Ihlamurkuyu Mah Huzur sok. no:2 kat :4 D:18/A  / İstanbul / Ümraniye
Lüks Rent a Car,0 312 318 98 98,İrfan Baştuğ Cad. 85/5 Kavacık Subayevleri Altınpark Karşısı / Ankara / Keçiören
Mersin Umut Rent A Car,0 324 325 12 29,Palmiye Mahallesi 1211 Sokak Melek Apartmanı Altı / Mersin / Merkez
Bodrum City Rent A Car,0 252 313 77 26,Türk Kuyusu Mah. Külcü Sok. No:5 / Muğla / Bodrum
Sıla Rent A Car,0 232 420 03 85,- / İzmir / Buca
Model Rent a Car 35,0 232 262 23 23,Halide Edip Adıvar Cad. No:27/b Üçyol / İzmir / Konak
Model Rent a Car,0 232 250 48 70,502/2 Sok. No:14 Bahçelievler / İzmir / Konak
Gürel Oto Kiralama,0 286 752 05 05,Sahil Mah. İsmail Öran Cad. Daşkın 2 Apt. No:5 Dükkan No:3 Küçükkuyu / Balıkesir / Edremit
Çağrı Rent A Car,0 212 612 24 41,İsmetpaşa Mehmetmetçik Sok. No:34/a / İstanbul / Bayrampaşa
Hedef Rent A Car,0 224 220 10 16,Çekirge Cad. Kırcı Otel Girişi / Bursa / Osmangazi
Sağlık Rent A Car,0 232 421 7616,Ali Çetinkaya Bulvarı 1393 Sok. No:12 / İzmir / Alsancak
İstanbul Araba Kiralama,0 216 611 81 88,Ihlamurkuyu Mah. Huzur Sok. No:2 D:18/a / İstanbul / Ümraniye
Alagöz Araç Kiralama,0 416 216 75 24,Ulucami Mah. 331 Sok. No:21 / Adıyaman / Merkez
Akdeniz Oto Kiralama Ltd.Şti.,0 242 312 70 58,Zerdalilik Mah. 1385 Sok No:22/7 / Antalya / Merkez
Yakamoz Oto Kiralama,0 242 248 01 57,Gençlik Mah. 1315 Sok. 37/c Muratpaşa / Antalya / Merkez
International Oto Kiralama,0 242 237 19 45,Bayındır Mah. / Antalya / Merkez
Mer Oto Kiralama,0 216 363 73 14,Cemil Topuzlu Cad. No:39 Çiftehavuzlar / İstanbul / Kadıköy
Hobim Vip Rent a Car,0 232 259 50 40,Mithat Paşa Cad. No:1440/10 Bal - Pa İşmerkezi / İzmir / Balçova
Falcon Rent A Car,0 212 556 53 00,Ali Rıza Gürcan Cad. No:13 D:10 Merter / İstanbul / Güngören
Ömeroğlu Oto Kiralama,0 332 238 85 77,Nalçacı Cad. No:65 / Konya / Selçuklu
Sardes Rent a Car,0 212 590 02 02,Reşitpaşa Cad. Altıntaş İş Merkezi No:50 / İstanbul / Avcılar
Fame Rent A Car,0 322 457 04 55,Cemalpaşa Mah. Toros Cad. Volkan Apt. No:14 Zemin Kat / Adana / Seyhan
Arzu Oto Kiralama,0 342 338 01 01,Ordu Cad. No:36/c / Gaziantep / Şahinbey
Şenakar Rent a car,0 232 382 82 80,Girne Bulvarı No:182/c / İzmir / Karşıyaka
Black Horse,0 414 314 20 10,Emniyet Cad. Şıhın Yeri Karşısı / Şanlıurfa / Merkez
Yetkin Rent A Car,0 362 234 00 01,Karadeniz Mah. Gazi Cad. No:170 / Samsun / Merkez
Hatay Center Trafik Takip Rent a Car,0 232 253 60 83,235 Sok. No:65/b Hatay / İzmir / Konak
Nirvana Rent a Car,0 232 279 39 22,Eğitim Mah. Ünlü Sok. No:9 / İzmir / Balçova
Viva Rent a Car,0 414 216 12 12,Sarayönü Cad. Özel Şanmede Hastanesi Karşısı Bayaslan İş Merkezi Kat:1 No:1 / Şanlıurfa / Merkez
Viva Oto Kiralama,0 324 239 22 83,Hamidiye Mahallesi.atatürk Caddesi.79/c Kıbrıs Konsolosluğu Altı Mersin / Mersin / Merkez
Sürat Rent a Car,0 216 314 05 53,Çakmak Mah. Baraj Sok. No:17/a Çakmak / İstanbul / Ümraniye
SEA Oto Kiralama,0 216 373 18  61,Şemsettin Günaltay Cad. No:95/1-a Ayşekadın Suadiye ( Ayşekadın Mc Donalds Karşısı ) / İstanbul / Kadıköy
ATF Oto Kiralama,0 232 374 58 00,Kazım Dirik Mah. 152 Sok. No:4/l ( Merkez Ptt Sokağı ) / İzmir / Bornova
Ero Oto Kiralama,0 312 431 20 61,Kültür Mah. Libya Cad. 25/a Kolej / Ankara / Çankaya
34 Oto Kiralama,0 312 431 59 70,Libya Cad. 15/d ( Ahmetler Shell Karşısı ) Kolej / Ankara / Kazan
As Oto Kiralama,0 342 336 16 17,Ordu Cad. Kavaklık Kavşağı No:2/a / Gaziantep / Şahinbey
Cns Oto Kiralama,0 312 419 74 64,Tunalı Hilmi Caddesi No:57/24 / Ankara / Kavaklıdere
Gts Oto Kiralama,0 342 322 77 57,Sarıgüllük Mah. No:30 / Gaziantep / Şehitkamil
AYS Tur Oto Kiralama,0 312 431 18 89,Libya Cad. No:58 / Ankara / Çankaya
Ebrar Oto Kiralama,0 232 438 20 50,Setfi Demirsoy Cad. 150 Sok. No:4/a / İzmir / Buca
White Angel Rent A Car,0 232 251 63 20,Kemal Reis Cad. No:8/a / İzmir / Gaziemir
Black White Araç Kiralama,0 212 571 61 35,Sakızağacı Mah. İstanbul Cad. Bahar Apt. No:50/3 / İstanbul / Bakırköy
Poyraz Rent A Car,0 232 279 37 98,Sarmaşık Cad. No:24/a / İzmir / Balçova
İstasyon Oto Kiralama,0 352 222 92 38,İstasyon Cad. No:73/c / Kayseri / Kocasinan
Demir Rent A Car,0 224 271 76 68,Çırpan Mah. Darmstadt Cad. No:43/b / Bursa / Osmangazi
Sun Rent A Car,0 352 338 60 95,Mevlana Mah. Mkp. Bulvarı No:103/a / Kayseri / Kocasinan
Pozitif Oto Kiralama,0 258 262 38 35,Atatürk Cad. No:12/c / Denizli / Merkez
Özden Rent A Car,0 212 580 17 76,Cumhuriyet Mah. Hanımeli Sok. No:13 / İstanbul / Küçükçekmece
Ayhan Rent A Car,0 232 252 42 46,Atıfbey Mah. Türkan Saylan Cad. No:31-c / İzmir / Gaziemir
Yamanlar Rent a Car,0 224 250 94 53,Çırpan Mah. Darmstad Cad. Öz Önder Apt. No:14/a / Bursa / Osmangazi
Arya Rent a Car,0 312 483 43 83,Hoşdere Cad. No:175-7/8 / Ankara / Çankaya
Aysi Rent a Car,0 232 226 22 26,Eski İzmir Cad. No:379 / İzmir / Karabağlar
Saydam Oto Kiralama,0 242 244 49 63,Barbaros Mah. Hesapçı Sok. No:70 Kaleiçi / Antalya / Merkez
Sarp Car Rental Service,0 312 222 17 15,2. Cad. 1/2 Bahçelievler / Ankara / Çankaya
Beta Car Rental,0 312 466 46 55,Tunalıhilmi Cad. Çelikler İş Merkezi No:91/41 Kavakıdere / Ankara / Çankaya
Artemis Rent a Car,0 312 430 10 13,Libya Cad. No:19 Kültür Mah. Kolej / Ankara / Çankaya
Jeep Kiralama Hizmetleri,0 212 550 15 71,Cumhuriyet Cad. No:239 K:1 Harbiye / İstanbul / Şişli
Erem Car Hava Alanı Oto Kiralama,0 332 236 32 14,Ak Parti İl Merkez Binası Karşısı / Konya / Selçuklu
Tual Rent a Car,0 232 252 34 28,Atıf Bey Mah. Türkan Saylan Cad. No:23/a / İzmir / Gaziemir
Rüya Oto Kiralama,0 212 530 50 45,Alifakih Caddesi No:79 Kocamustafapasa / İstanbul / Fatih
Efe Rent a Car,0 384 341 43 35,Yeni Hal Mevki No:34 Ürgüp / Nevşehir / Ürgüp
Göreme 2 Rent A Car,0 384 341 88 98,Güllüce Cad. Terminal Karşısı No:13 / Nevşehir / Ürgüp
Etiler Car Rental,0 212 269 22 11,Nispetiye Cad. Peker Sok. No:18 Levent / İstanbul / Beşiktaş
Koçlar Car Rental,0 352 231 76 00,İstasyon Cad. No:54/k 2.şube Havalimanı Yolu Üzeri Mkp Bulvarı / Kayseri / Kocasinan
Medusa Car Rental,0 252 692 64 00,Gazi Bulvarı No:62/b / Muğla / Dalaman
FK Car Rental,0 212 442 04 94,K. Oğlanoğlu Cad. O 12-1 / İstanbul / Bahçelievler
Set Car Rental,0 252 313 41 00,Cevat Şakir Cad. No:48 / Muğla / Bodrum
Manara  Car Rental,0 252 692 56 84,Gazi Bulvarı No:156/a Dalaman / Muğla / Dalaman
YourCar Car Rental,0 232 441 49 46,Şihit Fethibey Cad. No:122/a Pasaport / İzmir / Konak
West Car Rental,0 216 334 93 78,Eski Toptaşı Cad. No:121 Uğur Apartmanı Kat:1 Daire:6 Zeynep Kamil / İstanbul / Üsküdar
The Vip Rental,0 212 270 42 33,Adnan Saygun Cad. Sedef Sok. İlser Apt. No:2 D:1 Ulus / İstanbul / Beşiktaş
GNG Car Rental,0 216 597 24 80,Çamçeşme Mah. Aydınlı Cad. No:5 / İstanbul / Pendik
Fatih Rent a Car,0 380 512 27 27,Kültür Mah. Mansur Bayram Cad. Ergün Apt. / Düzce / Merkez
Palmiye Rent A Car,0 252 387 97 51,Aşağı Mah. Atatürk Cad. No.72/a Gündohan / Muğla / Bodrum
Polat Rent A Car,0 212 641 05 32,A. Nafiz Gürman Mah. Ahmet Kutsi Tecer Cad. No:49 D:4 Merter / İstanbul / Güngören
Nural Rent A Car,0 342 336 67 16,Öğretmen Evleri Mah. Ordu Cad. Hilmi Ayaz Apt. Altı No:74/a / Gaziantep / Şahinbey
Oscar Oto Kiralama,0 352 224 96 25,Osmankavuncu Mah. Mensucat Cad. No:45 / Kayseri / Melikgazi
Always Rent A Car,0 232 251 61 77,Atıfbey Mah. Etiler Cad. No:4/a / İzmir / Gaziemir
Vip Guide In İstanbul,-,Birlik Sok Yalın Apt. K:12 D:8 Levent / İstanbul / Beşiktaş
Akman Tours,-,Güllük Cad. / Antalya / Merkez
Giritli Oto Kiralama,0 312 309 04 77,Rüzgarlı Cad. Onaran İşhanı No:28/502 5. Kat Ulus / Ankara / Altındağ
Pasha Rent A Car,0 332 320 17 76,Babalık Mah. Vatan Cad. No:22/e / Konya / Selçuklu
Alagra Rent a Car ,0 232 712 61 31,Musalla Mah. Atadağ Cad. No:7/b-c ( Çeşme Marina Karşısı ) / İzmir / Çeşme
07 Transfer,-,Opet İstasyonu / Antalya / Kemer
A Plus Vip Transfer ,0 232 464 02 60,Ziya Gökalp Bulvarı No:25/c / İzmir / Alsancak
Performans Rent a Car,0 216 491 36 35,Adnan Menderes Bulvarı Zafer Apt. No:40 Bahçelievler / İstanbul / Pendik
YBT Rent A Car,0 232 252 35 84,Etiler Cad. No:28-h / İzmir / Gaziemir
Özdemir Oto Kiralama,0 312 418 00 44,Tunalı Hilmi Cad. No:11/b K. Esat / Ankara / Çankaya
Merit Oto Kiralama,0 322 457 00 78,Reşatbey Mah. Ordu Cad. Yaykurt Apt. No:41/d / Adana / Seyhan
Başak Oto Kiralama,0 312 482 30 70,Dikmen Caddesi No:320/2 / Ankara / Çankaya
Aysatur Araç Kiralama,0 312 431 18 89,Libya Cad. No:58-a / Ankara / Çankaya
Ataköy Rent a Car,0 212 661 70 80,Ataköy 1. Kısım Çarşı No:14 / İstanbul / Bakırköy
Karataş Turizm,0 482 212 64 01,13 Mart Mah İsra Sit H Blok Kat1 No1 Yenişehir Mardin / Mardin / Merkez
Ankara Ünal Oto Kiralama ,0 312 312 50 66,Denizciler Cad. No:2/21 Ulus / Ankara / Altındağ
Alya Oto Kiralama,0 332 235 42 92,Nalçacı Cad. Yenişehir Mah. Gördes Sok. Yonga Sit. No:11/b / Konya / Selçuklu
Alya Rent A Car,0 242 247 31 67,Işıklar Stadyum Arkası / Antalya / Merkez
Elite Oto Kiralama,0 262 644 75 50,Sultan Orhan Mah. Bağdat Cad. No:552 / Kocaeli / Gebze
Yours Rent a Car,0 242 324 38 50,Muratpaşa Mah. 2039 Sok. Şaziye Kerim Karazor Sitesi A Blok 6/16 Lara / Antalya / Merkez
Hekimoğlu Otomotiv ,0 236 715 56 76,Galericiler Sitesi 552sok No:14 / Manisa / Salihli
Expres Rent A Car,0 216 363 33 55,Şemsettin Günaltay Cad. No:221 Akbank Blk K:3 D:72 Erenköy / İstanbul / Kadıköy
Expres Oto Kiralama,0 352 236 20 60,Fevziçakmak Mah. M. K. P. Bulvarı Alkanat Apt. No:94/d / Kayseri / Kocasinan
Dolphin Rent A Car,0 232 71 222 71,Musallah Mah. 1013 Sok. No:4 Merkez Büyük Camii Karşısı / İzmir / Çeşme
Huzur Oto Kiralama,0 224 251 84 00,Çırpan Mah. Darmstad Cad. Kıymet Apt. No:31/b / Bursa / Osmangazi
My Garage Car Rental,0 232 712 21 02,16 Eylül Mah. 3010 Sk. Süleyman Karadede Blokları No:1 / İzmir / Çeşme
Anadolu Rent A Car,0 264 273 03 17,Adnan Menderes Cad. ( İzmit Caddesi ) No:54 / Sakarya / Merkez
Rent a Vip Car - Kiralık Panelvan,0 216 414 25 77,Taşköprü Cad. Pınar Apt. No:28/4 Acıbadem / İstanbul / Kadıköy
Dinç Rent a Car,0 288 412 25 68,E-5 Yolu Üzeri İnönü Mah. Murat Hüdavendigar Cad. No:124 / A / Kırklareli / Lüleburgaz
Dinç Oto Kiralama,0 232 616 09 41,Kültür Mah.260 Sk Doktorlar Sitesi Belediye Hizmet Binası Arkası / İzmir / Aliağa
Şener Rent A Car,0 358 212 14 65,Milli Egemenlik Cad. Köşem Apt. No:1 / Amasya / Merkez
Sedat Rent a Car,0 332 320 19 15,İhsaniye Cad. No:32-b / Konya / Selçuklu
Mausolus Tour,0 252 317 15 55,Oasis Avm No:83 B 16-17 / Muğla / Bodrum
Sunay Oto Kiralama,0 414 347 72 44,Tayyip Erdoğan Bulvarı Karaköprü / Şanlıurfa / Merkez
Euro Garage Rental,0 212 356 70 50,Şair Sabri Sok. No:10/1 Mecidiyeköy / İstanbul / Şişli
Zorlu Turizm Travel ,0 212 570 99 09,İstasyon Cad. Pelin Pasajı No:2 Kat:1/29 / İstanbul / Bakırköy
Eray Rent a Car,0 242 354 05 43,- / Antalya / Merkez
Seray Oto Kiralama,0 224 233 88 99,Çekirge Cad. No:127 / Bursa / Osmangazi
Beyaz Oto Kiralama,0 342 339 50 06,Sarıgüllük Mah. Zübeyde Hanım Blv. No:22/c / Gaziantep / Şehitkamil
Ay-Yıldız Oto Kiralama,0 332 238 32 17,Yenişehir Mah. Billur Sok. No:7/c Nalçacı / Konya / Selçuklu
Cem Rent a Car,0 212 557 78 99,Sanayi Mah. Selvi Sok. No:51 Merter / İstanbul / Güngören
Kumsal Rent a Car,0 242 349 14 02,Güzeloba Mah. Lara Cad. Yüksel Sit A Blok No:1 / Antalya / Merkez
Kumsal Rent A Car,0 312 418 77 57,Tunalıhilmi Caddesi No:30 / A 06660 Kavaklıdere / Ankara / Çankaya
A Trend Rent a Car,0 312 430 20 25,Libya Cad. 15/d ( Ahmetler Shell Karşısı ) Kolej / Ankara / Çankaya
Akdeniz Rental,0 212 855 04 54,Adnan Kahveci Mah. Sayaca Cad. No:5/49 Beykent / İstanbul / Beylikdüzü
Konak Rent,-,Özgürlük Mah. 2655 Sok. Emek Sitesi B Blok 27/4 / Antalya / Merkez
Aydın Rent a Car,0 252 455 47 99,Merkez Ofis Kenan Evren Bulvarı No:12 İçmeler / Aydın / İncirliova
Erdeğer Vip Taşımacılık,0 216 457 40 66,Karabük Cad. Kılıç İş Merkezi No:25 Kat:2 Daire:12 Cevizli / İstanbul / Kartal
7 Kardeş Rent a Car,0 414 315 85 85,Atatürk Bulvarı Kerem Ezer Apt. Kat:1 No:2 / Şanlıurfa / Merkez
Asil Oto Kiralama,0 362 233 04 60,Karadeniz Mah. Divitcioglu Cad. No:49 (ciftlik) / Samsun / Merkez
Tuana Rent a Car,0 442 233 51 71,Erzincan Kapı Cad. Kızılay İş Merkezi Arkası No:85 / Erzurum / Merkez
Eryaman Oto Kiralama,0 312 282 91 98,4. Etap Soyak Blokları 17656 Ada No:3/4 Şehit Osman Avcı Polis Karakolu Yanı Eryaman / Ankara / Etimesgut
Elit Sur Araba Kiralama,0 242 354 04 96,Yeni Turuzim Yolu Antalya Havaalanı Yanı / Antalya / Merkez
Garanti Araba Rent A Car,0 212 583 19 77,Kartaltepe Mah. Selahattin Kormaç Sok. No:4/a / İstanbul / Bakırköy
RAY Rent a Car Araba Kiralama,0 242 814 48 14,0 242 814 4 814 - 0 532 437 11 85 Dörtyol Bulvarı No:50/a / Antalya / Kemer
Golden Rent A Car,0 212 571 44 22,İncirli Cad. Zuhuratbaba Mah. Tatlınar Sok. Evren Apt. No:95/2c / İstanbul / Bakırköy
Golden Line Car Rental,0 212 280 64 91,Nispetiye Cad. Birlik. Sok. Akyıldız Sit. C Blok D:9 Etiler / İstanbul / Beşiktaş
Keskin Rent A Car,0 242 241 21 11,Kışla Mah. 49. Sok. Tuğcu Apt. No:2 / Antalya / Merkez
Dinamik Rent a Car,0 232 252 42 22,Atıf Bey Mah. Etiler Cad. 25/1a / İzmir / Gaziemir
Palandöken Oto Kiralama,0 442 235 45 24,Gez Mah. Bp Petrol Yanı No:44 / Erzurum / Merkez
Eticar Lüks Araç Kiralama,0 212 269 34 87,Nispetiye Cad. Peker Sok. No:28 Levent / İstanbul / Beşiktaş
